State,University
Alabama,Auburn University
Alabama,Samford University
Alabama,Troy University
Alabama,University of Alabama
Alabama,University of Alabama at Birmingham
Alabama,University of Alabama – Huntsville
Arizona,Arizona State University
Arizona,Northern Arizona University
Arizona,University of Arizona
Arkansas,University of Arkansas
California,"California State University, Fullerton"
California,"California State University, Long Beach"
California,"California State University, Stanislaus"
California,San Diego State University
California,San Francisco State University
California,San José State University
California,UCLA
California,"University of California, Berkeley"
California,"University of California, Irvine"
California,University of Southern California
Colorado,Auraria Campus
Colorado,Colorado Mesa University
Colorado,Colorado School of Mines
Colorado,Colorado State University
Colorado,United States Air Force Academy
Colorado,University of Colorado
Colorado,University of Denver
Colorado,University of Northern Colorado
Connecticut,Central Connecticut State University
Connecticut,United States Coast Guard Academy
Connecticut,University of Connecticut
Delaware,University of Delaware
Florida,Florida Atlantic University
Florida,Florida International University
Florida,Florida State University
Florida,University of Florida
Florida,University of Miami
Florida,University of Tampa
Georgia,Georgia College & State University
Georgia,Georgia Institute of Technology
Georgia,Georgia Southern University
Georgia,Kennesaw State University
Georgia,University of Georgia
Georgia,University of West Georgia
Idaho,Boise State University
Idaho,Idaho State University
Idaho,University of Idaho
Illinois,Eastern Illinois University
Illinois,Illinois State University
Illinois,Naperville
Illinois,Northern Illinois University
Illinois,Southern Illinois University Edwardsville
Illinois,University of Illinois
Illinois,University of Illinois Chicago
Indiana,Ball State University
Indiana,Indiana University
Indiana,Indiana University Purdue University Indianapolis
Indiana,University of Southern Indiana
Indiana,Valparaiso University
Iowa,Drake University
Iowa,Iowa State University
Iowa,Loras College
Iowa,The University of Iowa
Iowa,University of Northern Iowa
Kansas,Benedictine College
Kansas,Emporia State University
Kansas,Fort Hays State University
Kansas,Kansas State University
Kansas,Pittsburg State University
Kansas,University of Kansas
Kansas,Wichita State University
Kentucky,Murray State University
Kentucky,University of Kentucky
Kentucky,University of Louisville
Kentucky,Western Kentucky University
Louisiana,Louisiana State University
Louisiana,Louisiana Tech University
Louisiana,McNeese State University
Louisiana,Nicholls State University
Louisiana,Northwestern State University
Louisiana,Tulane University
Louisiana,University of Louisiana
Louisiana,University of Louisiana Monroe
Maine,University of Maine
Maryland,Johns Hopkins University
Maryland,Towson University
Maryland,United States Naval Academy
Maryland,University of Maryland
Massachusetts,Boston Area Campuses
Massachusetts,Boston University
Massachusetts,Bridgewater State University
Massachusetts,Campus Worcester
Massachusetts,Harvard University
Massachusetts,Massachusetts Institute of Technology
Massachusetts,University of Massachusetts Amherst
Massachusetts,Worcester Polytechnic Institute
Michigan,Central Michigan University
Michigan,Grand Valley State University
Michigan,Hope College
Michigan,Michigan Technological University
Michigan,Northern Michigan University
Michigan,Oakland University
Michigan,Wayne State University
Minnesota,Bemidji State University
Minnesota,Minnesota State University
Minnesota,University of Minnesota Duluth
Minnesota,Winona State University
Mississippi,Mississippi State University
Mississippi,University of Southern Mississippi
Missouri,Lindenwood University
Missouri,Missouri University of Science and Technology
Missouri,Northwest Missouri State University
Missouri,Southeast Missouri State University
Missouri,University of Missouri
Montana,Carroll College
Montana,Montana State University
Montana,University of Montana
Nebraska,University of Nebraska Lincoln
Nebraska,University of Nebraska Omaha
Nebraska,University of Nebraska at Kearney
Nebraska,Wayne State College
Nevada,"University of Nevada, Las Vegas"
Nevada,"University of Nevada, Reno"
New Jersey,Montclair State University
New Jersey,Seton Hall University
New York,Columbia University
New York,New York University
New York,Queens College
New York,Stony Brook University
New York,United States Military Academy
North Carolina,Belmont Abbey College
North Carolina,Duke University
North Carolina,East Carolina University
North Carolina,Wake Forest University
North Dakota,Dickinson State University
North Dakota,North Dakota State University
North Dakota,University of Mary
North Dakota,University of North Dakota
Ohio,Bowling Green State University
Ohio,Miami University
Ohio,Ohio Northern University
Ohio,The Ohio State University
Ohio,University of Akron
Ohio,University of Cincinnati
Ohio,University of Toledo
Ohio,Wright State University
Oklahoma,Oklahoma State University
Oklahoma,The University of Central Oklahoma
Oklahoma,University of Oklahoma
Oklahoma,University of Tulsa
Oregon,Oregon State University – Cascades
Oregon,University of Oregon
Pennsylvania,Carnegie Mellon University
Pennsylvania,Drexel University
Pennsylvania,Lehigh University
Pennsylvania,PennWest Edinboro
Pennsylvania,Saint Francis University
Pennsylvania,Shippensburg University
Pennsylvania,Temple University
Pennsylvania,University of Pennsylvania
Pennsylvania,University of Pittsburgh
Pennsylvania,West Chester University
Rhode Island,Brown University
Rhode Island,University of Rhode Island
South Carolina,Clemson University
South Carolina,Coastal Carolina University
South Carolina,University of South Carolina – Columbia
South Dakota,Black Hills State University
South Dakota,Northern State University
South Dakota,South Dakota Mines
South Dakota,South Dakota State University
South Dakota,University of South Dakota
Tennessee,Belmont University – Nashville
Tennessee,East Tennessee State University
Tennessee,Middle Tennessee State University
Tennessee,University of Memphis
Tennessee,University of Tennessee
Tennessee,University of Tennessee at Chattanooga
Tennessee,Vanderbilt University
Texas,Baylor University
Texas,Southern Methodist University
Texas,Stephen F. Austin State University
Texas,Texas A&M University
Texas,Texas A&M University – Kingsville
Texas,Texas State University
Texas,The University of Texas at Dallas
Texas,University of Dallas
Texas,University of Texas Rio Grande Valley
Texas,University of Texas at Austin
Texas,University of Texas – San Antonio
Utah,University of Utah
Virginia,College of William & Mary
Virginia,George Mason University
Virginia,James Madison University
Virginia,University of Virginia
Virginia,Virginia Tech
Washington,Eastern Washington University
Washington,University of Washington
Washington,Western Washington University
"Washington, DC",George Washington University
"Washington, DC",Howard University
West Virginia,West Virginia University
Wisconsin,University of Wisconsin Eau Claire
Wisconsin,University of Wisconsin Madison
Wisconsin,University of Wisconsin Stevens Point
Wisconsin,University of Wisconsin – Milwaukee
Wisconsin,University of Wisconsin – Stout
Wisconsin,University of Wisconsin-La Crosse
Wisconsin,University of Wisconsin-Oshkosh
Wisconsin,University of Wisconsin-Platteville
Austria,St. Pölten University of Applied Sciences
Austria,University of Krems
Austria,University of Vienna
Germany,University of Düsseldorf
Germany,University of Passau
Ireland,Dublin
Ireland,University College Cork
Mexico,Technologico de Monterrey
Mexico,Universidad de Monterrey
Northern Ireland,Queen’s University Belfast
Digital Outreach,Digital Outreach
DigitalIowa,Simpson College (Digital Campus)
DigitalHawaii,University of Hawaii (Digital Campus)
DigitalNew Hampshire,University of New Hampshire (Digital Campus)
DigitalNew York,Hofstra University (Digital Campus)
DigitalVermont,University of Vermont (Digital Campus)